"","Atom 1","Atom 2","Target","Mean error (&angst;)","SD error (&angst;)","Occurence"
"1","G31@H2'","T18@H5''","4.17","0.25","0.06","15"
"2","C24@H5'","C24@H1'","4.57","0.23","0.04","14"
"3","G28@H5'","A27@H1'","2.11","0.2","0.04","15"
"4","LDP@H2","A27@H2","1.89","0.2","0.03","15"
"5","G16@H1'","A15@H2''","3.7","0.19","0.05","13"
"6","G25@H5'","G25@H3'","3.32","0.19","0.01","14"
"7","G28@H3'","G28@H5'","3.42","0.19","0.04","12"
"8","T11@H3","G34@H1","1.87","0.18","0.03","15"
"9","G17@H3'","G17@H8","3.56","0.17","0.07","4"
"10","T37@H3'","T37@H5''","3.39","0.17","0.03","7"